{
  "$schema": "./node_modules/@angular/cli/lib/config/schema.json",
  "project": {
    "name": "default"
  },
  "apps": [
    {
      "root": "src",
      "outDir": "dist",
      "assets": [ 
        "assets",
        "web.config"
      ],
      "index": "index.html",
      "main": "main.ts",
      "polyfills": "polyfills.ts",
      "test": "test.ts",
      "tsconfig": "tsconfig.app.json",
      "testTsconfig": "tsconfig.spec.json",
      "prefix": "m",
      "styles": [
		"styles.scss",
		"assets/vendors/base/vendors.bundle.css",
		"assets/demo/default/base/style.bundle.css",
		"../node_modules/material-design-icons/iconfont/material-icons.css"
	  ],
	  
      "scripts": [
		"assets/vendors/base/vendors.bundle.js",
		"assets/demo/default/base/scripts.bundle.js"
	],
      "environmentSource": "environments/environment.ts",
      "environments": {
        "dev": "environments/environment.ts",
        "prod": "environments/environment.prod.ts"
      }
    }
  ],
  "e2e": {
    "protractor": {
      "config": "./protractor.conf.js"
    }
  },
  "lint": [
    {
      "project": "src/tsconfig.app.json",
      "exclude": "**/node_modules/**"
    },
    {
      "project": "src/tsconfig.spec.json",
      "exclude": "**/node_modules/**"
    },
    {
      "project": "e2e/tsconfig.e2e.json",
      "exclude": "**/node_modules/**"
    }
  ],
  "test": {
    "karma": {
      "config": "./karma.conf.js"
    }
  },
  "defaults": {
    "styleExt": "scss",
    "component": {}
  }
}
